AI,AI,
All Apps,所有应用,
App,应用,
App Name,应用程序名称,
Bulk Jobs,批量任务,
Change Status,修改状态,
Changed,已变更,
Check the Error Log for the full traceback,请查看错误日志以获取完整堆栈信息,
Choose an App,选择应用,
Clear the records of any queued or running job? Only do this when a job is stuck.,确定清除所有排队或运行中任务的记录？仅在任务卡住时才这样做。,
Cleared: {0},已清除：{0},
Completed,已完成,
Context,上下文,
Dictionary,词库,
DocField,单据字段,
Draft,草稿,
Export All By App,按应用导出全部,
Export Pending CSV,导出待翻译 CSV,
Export To Site,导出到站点,
Exporting,导出中,
First Seen,首次发现,
Force Re-sync,强制重新同步,
HTML,HTML,
Hash Key,哈希键,
Ignore Reason,忽略原因,
Import From Catalogue,从词库导入,
Import Translated CSV,导入已翻译 CSV,
Importing,导入中,
Imported,已导入,
Is Translatable,可翻译,
JS,JS,
Label,标签,
Language,语言,
Last Seen,最近发现,
Line Number,行号,
Manual,手动,
Message,信息,
Module Name,模块名称,
New,新建,
No stuck job,没有卡住的任务,
Nothing is pending,没有待处理项,
Nothing to export,没有可导出的内容,
Other,其它,
Pending,待处理,
Project Name,项目名称,
Python,Python,
Queued,排队,
Report,报表,
Re-syncing,重新同步中,
Reset Stuck Job,重置卡住的任务,
Resource Key,资源键,
Restored,恢复,
Reviewed,已审核,
Running,运行中,
Scan All Apps,扫描所有应用,
Scanning,扫描中,
Source Path,来源路径,
Source Text,源文本,
Source Type,来源类型,
Start,开始,
Status,状态,
Suspected Deleted,疑似已删除,
Target Language,目标语言,
Total Translation Items,翻译条目总数,
Translate Pending,翻译待处理项,
Translated,已翻译,
Translated Text,翻译文本,
Translating,翻译中,
Translation Entry,翻译条目,
Translation Project,翻译项目,
Translation Source,翻译来源,
Unchanged,未变更,
Wlh Translate,翻译管理,
Workspace,工作区,
{0} failed,{0} 失败,
{0} source texts ({1} occurrences) exported to {2},已导出 {0} 条原文（{1} 处出现）到 {2},
{0} source texts across {1} apps exported to {2},已导出 {1} 个应用共 {0} 条原文到 {2},
"{0} updated, {1} source texts not found, {2} already translated",已更新 {0} 条，{1} 条原文未找到，{2} 条已有译文,
{0}: done,{0}：完成,
{0}: queued,{0}：已排队,
{0}: stopped,{0}：已停止,
{0}: the previous run is still going,{0}：上一次运行仍在进行中,
"{0}: {1} added, {2} overwritten, {3} skipped",{0}：新增 {1} 条，覆盖 {2} 条，跳过 {3} 条,
"{0}: {1} imported, {2} still pending",{0}：已导入 {1} 条，仍有 {2} 条待处理,
"{0}: {1} new, {2} errors",{0}：新增 {1} 条，{2} 个错误,
"{0}: {1} translated, {2} left",{0}：已翻译 {1} 条，剩余 {2} 条,
